id;latitud;longitud;nombre;variable;unidades;subcuenca;estado;datoActual;datoTotal;municipioNombre;estadoInt;estadoInternal
465;40.09805186737035;-0.21770130872374774;Embalse Alcora;1E02EVI1MVVR;Hm³;0;ESTADO_ROJO;1.195;1.37;Alcora;3;ESTADO_ROJO
472;40.36390608068979;-1.2037935733151708;Embalse Arquillo de San Blas;3E01EVI1MVVR;Hm³;6;ESTADO_ROJO;18.155;21.03;Teruel;3;ESTADO_ROJO
479;39.340519137864625;-0.864839281178875;Embalse Forata;7E03EVI1MVVR;Hm³;4;ESTADO_ROJO;27.55;37.34;Yátova;3;ESTADO_ROJO
473;40.210403800832474;-1.9221064170223807;Embalse La Toba;4E01EVI1MVVR;Hm³;7;ESTADO_ROJO;7.298;9.7;Uña;3;ESTADO_ROJO
537;40.02831006361723;-0.16264413176125375;Embalse María Cristina;1E06EVI1MVVR;Hm³;0;ESTADO_ROJO;19.554;18.45;Castelló;3;ESTADO_ROJO
474;39.564429036756714;-2.111872277747394;Embalse Alarcón;4E02EVI1MVVR;Hm³;7;ESTADO_AMARILLO;624.788;1118.0;Alarcón;2;ESTADO_AMARILLO
475;39.72664884960761;-1.1000284129069342;Embalse Benagéber;6E01EVI1MVVR;Hm³;6;ESTADO_AMARILLO;101.285;221.34;Benagéber;2;ESTADO_AMARILLO
489;39.54292031455318;-1.502474167566448;Embalse Contreras;5E01EVI1MVVR;Hm³;7;ESTADO_AMARILLO;200.602;360.75;Villargordo del Cabriel;2;ESTADO_AMARILLO
538;40.01055993381018;-0.2331501310859164;Embalse de Sitjar;1E05EVI1MVVR;Hm³;0;ESTADO_AMARILLO;28.428;49.29;Onda;2;ESTADO_AMARILLO
540;39.936632752473066;-0.3310813134745464;Embalse Onda;1E04EVI1MVVR;Hm³;0;ESTADO_AMARILLO;0.36;1.0;Alcudia de Veo;2;ESTADO_AMARILLO
541;39.88952086496172;-0.5242283952395271;Embalse Regajo;0E01EVI1MVVR;Hm³;11;ESTADO_AMARILLO;3.119;5.97;Jérica;2;ESTADO_AMARILLO
464;40.67073320343085;0.23314239924602406;Embalse Ulldecona;1E01EVI1MVVR;Hm³;8;ESTADO_AMARILLO;6.387;10.94;La Pobla de Benifassà;2;ESTADO_AMARILLO
539;40.087381305170105;-0.5583163556780842;Embalse Arenós;2E02EVI1MVVR;Hm³;0;ESTADO_VERDE;32.025;136.94;Montanejos;1;ESTADO_VERDE
491;38.53380121840815;-0.26448546167006554;Embalse de Amadorio;8E01EVI1MVVR;Hm³;10;ESTADO_VERDE;1.61;15.83;Vila Joiosa;1;ESTADO_VERDE
482;38.93974814177001;-0.4773599044303486;Embalse de Bellús;7E10EVI1MVVR;Hm³;4;ESTADO_VERDE;12.604;69.19;Bellús;1;ESTADO_VERDE
492;38.81341598695306;-0.354458667901484;Embalse de Beniarrés;9E01EVI1MVVR;Hm³;3;ESTADO_VERDE;3.383;27.0;Beniarrés;1;ESTADO_VERDE
485;38.67963856163353;-0.19221286390425982;Embalse de Guadalest;8E02EVI1MVVR;Hm³;10;ESTADO_VERDE;2.309;12.99;Guadalest;1;ESTADO_VERDE
476;39.66375923248706;-0.9135184175218464;Embalse Loriguilla;6E02EVI1MVVR;Hm³;5;ESTADO_VERDE;20.789;73.21;Loriguilla;1;ESTADO_VERDE
480;39.129704903978265;-0.648394649636228;Embalse Tous;7E04EVI1MAMR;Hm³;4;ESTADO_VERDE;95.383;378.6;Tous;1;ESTADO_VERDE
142;39.22269706387334;-0.7322336949940562;Acueducto de Millares;7L03AA01MVCR;l/m<sup>2</sup>;1;ESTADO_DESCONOCIDO;0.0;;Millares;0;ESTADO_DESCONOCIDO
191;38.832939608101185;-0.1969657001886544;Adsubia-Rambla Gallinera;9O02AA01MVCR;l/m<sup>2</sup>;9;ESTADO_DESCONOCIDO;0.0;;Adsubia;0;ESTADO_DESCONOCIDO
340;38.832939608101185;-0.1969657001886544;Adsubia-Rambla Gallinera;9O02DQG1MVVR;m³/s;9;ESTADO_DESCONOCIDO;0.0;;Adsubia;0;ESTADO_DESCONOCIDO
181;38.44471277501255;-0.6412924943309242;Agost;8P04AA01MVCR;l/m<sup>2</sup>;2;ESTADO_DESCONOCIDO;0.0;;Agost;0;ESTADO_DESCONOCIDO
197;38.767947503647314;-0.5061655876009172;Agres;9P04AA01MVCR;l/m<sup>2</sup>;3;ESTADO_DESCONOCIDO;0.0;;Agres;0;ESTADO_DESCONOCIDO
182;38.33177677166598;-0.512884953842053;Alacant;8P05AA01MVCR;l/m<sup>2</sup>;2;ESTADO_DESCONOCIDO;0.0;;Alacant;0;ESTADO_DESCONOCIDO
158;38.98410679746129;-1.9213766613207954;Albacete;;;1;ESTADO_DESCONOCIDO;;;Albacete;0;ESTADO_DESCONOCIDO
83;40.43032509702217;-1.4361373001204114;Albarracín;3N02BA01MVCR;l/m<sup>2</sup>;6;ESTADO_DESCONOCIDO;0.0;;Albarracín;0;ESTADO_DESCONOCIDO
517;40.30170966686942;0.21531658926603256;Alcalá de Xivert;1P05AA01MVCR;l/m<sup>2</sup>;8;ESTADO_DESCONOCIDO;0.0;;Alcalá de Xivert;0;ESTADO_DESCONOCIDO
171;39.19589895188934;-1.4262214357212781;Alcalá del Júcar;7R01AA01MVCR;l/m<sup>2</sup>;1;ESTADO_DESCONOCIDO;0.0;;Alcalá del Júcar;0;ESTADO_DESCONOCIDO
330;39.19589895188934;-1.4262214357212781;Alcalá del Júcar;7R01JF01MVVR;m³/s;1;ESTADO_DESCONOCIDO;4.399;;Alcalá del Júcar;0;ESTADO_DESCONOCIDO
194;38.70614329683689;-0.48023472345661994;Alcoi;9P01AA01MVCR;l/m<sup>2</sup>;3;ESTADO_DESCONOCIDO;0.0;;Alcoi;0;ESTADO_DESCONOCIDO
523;39.83699572393478;-0.27958262132649003;Alfondeguilla;0P01AA01MVCR;l/m<sup>2</sup>;0;ESTADO_DESCONOCIDO;0.0;;Alfondeguilla;0;ESTADO_DESCONOCIDO
123;39.742869326375164;-1.326093614646385;Aliaguilla;6P01AA01MVCR;l/m<sup>2</sup>;1;ESTADO_DESCONOCIDO;0.0;;Aliaguilla;0;ESTADO_DESCONOCIDO
101;39.72500467931369;-1.9037557247410852;Almodóvar del Pinar;4P01AA01MVCR;l/m<sup>2</sup>;1;ESTADO_DESCONOCIDO;0.0;;Almodóvar del Pinar;0;ESTADO_DESCONOCIDO
121;39.935721548989044;-0.9842954025909334;Alpuente;6N01BA01MVCR;l/m<sup>2</sup>;6;ESTADO_DESCONOCIDO;0.0;;Alpuente;0;ESTADO_DESCONOCIDO
172;38.62533469684185;-0.0745238500720715;Altea-Azud de Manden;8A01AA01MVCR;l/m<sup>2</sup>;10;ESTADO_DESCONOCIDO;0.0;;Altea;0;ESTADO_DESCONOCIDO
331;38.62533469684185;-0.0745238500720715;Altea-Azud de Manden;8A01DQG1MVVR;m³/s;10;ESTADO_DESCONOCIDO;0.0;;Altea;0;ESTADO_DESCONOCIDO
525;39.843781131597254;-0.607712577138716;Altura;0P03AA01MVCR;l/m<sup>2</sup>;11;ESTADO_DESCONOCIDO;0.0;;Altura;0;ESTADO_DESCONOCIDO
150;39.14824716123365;-0.4432013744633944;Alzira-Barranc de la Casella;7O07AA01MVCR;l/m<sup>2</sup>;4;ESTADO_DESCONOCIDO;0.0;;Alzira;0;ESTADO_DESCONOCIDO
187;38.53018517554874;-0.25819912319973204;Amadorio-Vila Joiosa;8S01AA01MVCR;l/m<sup>2</sup>;10;ESTADO_DESCONOCIDO;0.0;;Vila Joiosa;0;ESTADO_DESCONOCIDO
527;39.815890349335405;-0.8437029555433503;Andilla;0P04AA01MVCR;l/m<sup>2</sup>;5;ESTADO_DESCONOCIDO;0.0;;Andilla;0;ESTADO_DESCONOCIDO
134;39.08079443080699;-0.5968352445382547;Antella;7E06AA01MVCR;l/m<sup>2</sup>;4;ESTADO_DESCONOCIDO;0.0;;Antella;0;ESTADO_DESCONOCIDO
554;39.08079443080699;-0.5968352445382547;Antella;7E06DQG1MVVR;m³/s;4;ESTADO_DESCONOCIDO;3.873;;Antella;0;ESTADO_DESCONOCIDO
95;39.951854256996825;-2.0711161353983307;Arcas de Villar;4N02BA01MVCR;l/m<sup>2</sup>;7;ESTADO_DESCONOCIDO;0.0;;Arcas de Villar;0;ESTADO_DESCONOCIDO
86;40.69283197797993;-1.147823777409958;Argente;3N05BA01MVCR;l/m<sup>2</sup>;6;ESTADO_DESCONOCIDO;0.0;;Argente;0;ESTADO_DESCONOCIDO
351;40.359412297798976;-1.1963644057153975;Arquillo;;;6;ESTADO_DESCONOCIDO;;;Teruel;0;ESTADO_DESCONOCIDO
189;38.90330282116847;-0.20679080867252939;Assut d'En Carròs;9L01AA01MVCR;l/m<sup>2</sup>;3;ESTADO_DESCONOCIDO;0.0;;Villalonga;0;ESTADO_DESCONOCIDO
338;38.90330282116847;-0.20679080867252939;Assut d'En Carròs;9L01DQG1MVVR;m³/s;3;ESTADO_DESCONOCIDO;0.0;;Villalonga;0;ESTADO_DESCONOCIDO
203;40.24552608725521;-0.14057382564452042;Atzeneta del Maestrat;1O04AA01MVCR;l/m<sup>2</sup>;0;ESTADO_DESCONOCIDO;0.0;;Atzeneta del Maestrat;0;ESTADO_DESCONOCIDO
160;39.050613697668275;-1.1018643684835592;Ayora;7P06AA01MVCR;l/m<sup>2</sup>;1;ESTADO_DESCONOCIDO;0.0;;Ayora;0;ESTADO_DESCONOCIDO
159;39.08556661831114;-1.214885470727279;Ayora-La Hunde;7P05AA01MVCR;l/m<sup>2</sup>;1;ESTADO_DESCONOCIDO;0.0;;Ayora;0;ESTADO_DESCONOCIDO
553;39.17708309431769;-0.2644708841381853;Azud de la Marquesa;;;4;ESTADO_DESCONOCIDO;;;Cullera;0;ESTADO_DESCONOCIDO
96;39.671150739272;-1.9444350682922558;Barchín del Hoyo;4N03BA01MVCR;l/m<sup>2</sup>;1;ESTADO_DESCONOCIDO;0.0;;Barchín del Hoyo;0;ESTADO_DESCONOCIDO
92;39.818207303578745;-2.3352838681595673;Belmontejo;4L01AA01MVCR;l/m<sup>2</sup>;7;ESTADO_DESCONOCIDO;0.0;;Belmontejo;0;ESTADO_DESCONOCIDO
518;40.2796120354548;-0.20992423796717674;Benafigos;1P06AA01MVCR;l/m<sup>2</sup>;0;ESTADO_DESCONOCIDO;0.0;;Benafigos;0;ESTADO_DESCONOCIDO
515;40.36295673071851;-0.13731909942727036;Benasal;;;0;ESTADO_DESCONOCIDO;;;Benasal;0;ESTADO_DESCONOCIDO
179;38.73724132893667;-0.7473676233677471;Beneixama;8P02AA01MVCR;l/m<sup>2</sup>;2;ESTADO_DESCONOCIDO;0.0;;Beneixama;0;ESTADO_DESCONOCIDO
108;39.942398425367486;-1.6461215503308626;Boniches;5N02BA01MVCR;l/m<sup>2</sup>;7;ESTADO_DESCONOCIDO;0.0;;Boniches;0;ESTADO_DESCONOCIDO
521;40.06024957439012;-0.07289475922688837;Borriol;;;0;ESTADO_DESCONOCIDO;;;Borriol;0;ESTADO_DESCONOCIDO
17;39.60476480154066;-0.7821683345860309;Bugarra;0A01AA01MVCR;l/m<sup>2</sup>;5;ESTADO_DESCONOCIDO;0.0;;Bugarra;0;ESTADO_DESCONOCIDO
508;39.60476480154066;-0.7821683345860309;Bugarra;;;5;ESTADO_DESCONOCIDO;;;Bugarra;0;ESTADO_DESCONOCIDO
115;39.7185604973841;-0.955439419269717;Calles;6A02AA01MVCR;l/m<sup>2</sup>;6;ESTADO_DESCONOCIDO;0.0;;Calles;0;ESTADO_DESCONOCIDO
502;39.7185604973841;-0.955439419269717;Calles;;;6;ESTADO_DESCONOCIDO;;;Calles;0;ESTADO_DESCONOCIDO
174;38.64977518470316;-0.0986547212570082;Callosa d'en Sarrià;8L01AA01MVCR;l/m<sup>2</sup>;10;ESTADO_DESCONOCIDO;0.0;;Callosa d'en Sarrià;0;ESTADO_DESCONOCIDO
188;38.88443335164048;-0.2713445962755601;Canales Altos del Serpis;9C01AA01MVCR;l/m<sup>2</sup>;3;ESTADO_DESCONOCIDO;0.0;;Villalonga;0;ESTADO_DESCONOCIDO
151;39.063093801937185;-0.5709136620010895;Carcer;7O08AA01MVCR;l/m<sup>2</sup>;4;ESTADO_DESCONOCIDO;0.0;;Carcer;0;ESTADO_DESCONOCIDO
153;39.22710221432517;-0.5422261919442148;Carlet;7O10AA01MVCR;l/m<sup>2</sup>;4;ESTADO_DESCONOCIDO;0.0;;Carlet;0;ESTADO_DESCONOCIDO
28;39.60821205071257;-0.47424077880288756;Carraixet-Bétera;0O01AA01MVCR;l/m<sup>2</sup>;5;ESTADO_DESCONOCIDO;0.0;;Bétera;0;ESTADO_DESCONOCIDO
280;39.60821205071257;-0.47424077880288756;Carraixet-Bétera;0O01DQG2MVVR;m³/s;5;ESTADO_DESCONOCIDO;0.691;;Bétera;0;ESTADO_DESCONOCIDO
531;39.69491651940833;-0.7128828270444721;Casinos;0P06AA01MVCR;l/m<sup>2</sup>;5;ESTADO_DESCONOCIDO;0.0;;Casinos;0;ESTADO_DESCONOCIDO
514;40.49335695445339;0.008583483563662987;Catí;1P02AA01MVCR;l/m<sup>2</sup>;8;ESTADO_DESCONOCIDO;0.0;;Catí;0;ESTADO_DESCONOCIDO
155;39.54574899143047;-1.2811267060397005;Caudete de las Fuentes;7P01AA01MVCR;l/m<sup>2</sup>;1;ESTADO_DESCONOCIDO;0.0;;Caudete de las Fuentes;0;ESTADO_DESCONOCIDO
55;40.46772430475544;0.3015240824746716;Cervera del Maestre;1O02AA01MVCR;l/m<sup>2</sup>;8;ESTADO_DESCONOCIDO;0.0;;Cervera del Maestre;0;ESTADO_DESCONOCIDO
291;40.46772430475544;0.3015240824746716;Cervera del Maestre;1O02DQG1MVVR;m³/s;8;ESTADO_DESCONOCIDO;0.0;;Cervera del Maestre;0;ESTADO_DESCONOCIDO
148;38.86436444570204;-1.775783083036632;Chinchilla;7O05AA01MVCR;l/m<sup>2</sup>;1;ESTADO_DESCONOCIDO;0.0;;Chinchilla;0;ESTADO_DESCONOCIDO
40;39.45727331512082;-0.7354423712742639;Chiva;0P09AA01MVCR;l/m<sup>2</sup>;4;ESTADO_DESCONOCIDO;0.0;;Chiva;0;ESTADO_DESCONOCIDO
97;40.21166833062525;-2.0521940873664564;Ciudad Encantada;4N04BA01MVCR;l/m<sup>2</sup>;7;ESTADO_DESCONOCIDO;0.0;;Valdecabras;0;ESTADO_DESCONOCIDO
125;39.2623686853244;-1.0963596078872544;Cofrentes;7A01AA01MVCR;l/m<sup>2</sup>;1;ESTADO_DESCONOCIDO;0.0;;Cofrentes;0;ESTADO_DESCONOCIDO
313;39.2623686853244;-1.0963596078872544;Cofrentes;7A01DQG1MVVR;m³/s;1;ESTADO_DESCONOCIDO;8.493;;Cofrentes;0;ESTADO_DESCONOCIDO
418;39.2623686853244;-1.0963596078872544;Cofrentes;7A01MI01MAMR;°C;1;ESTADO_DESCONOCIDO;12.932;;Cofrentes;0;ESTADO_DESCONOCIDO
183;38.694418848393155;-0.25649742342020876;Confrides;8P06AA01MVCR;l/m<sup>2</sup>;10;ESTADO_DESCONOCIDO;0.0;;Confrides;0;ESTADO_DESCONOCIDO
433;38.649115893095534;-0.23079171038032661;Confrides-Aitana;;;10;ESTADO_DESCONOCIDO;;;Confrides;0;ESTADO_DESCONOCIDO
143;39.17959035673849;-0.9176572358457693;Cortes de Pallás-Casa del Barón;;;1;ESTADO_DESCONOCIDO;;;Cortes de Pallás;0;ESTADO_DESCONOCIDO
88;40.07477673743744;-2.1406344865141596;Cuenca;4A01AA01MVCR;l/m<sup>2</sup>;7;ESTADO_DESCONOCIDO;0.0;;Cuenca;0;ESTADO_DESCONOCIDO
301;40.07477673743744;-2.1406344865141596;Cuenca;4A01DQG1MVVR;m³/s;7;ESTADO_DESCONOCIDO;10.102;;Cuenca;0;ESTADO_DESCONOCIDO
26;39.672953350451834;-0.2857064428620591;Depósito de Sagunto;0L03AA01MVCR;l/m<sup>2</sup>;11;ESTADO_DESCONOCIDO;0.0;;Sagunto;0;ESTADO_DESCONOCIDO
117;39.702640985327776;-0.9533785580168717;Domeño;6C01AA01MVCR;l/m<sup>2</sup>;6;ESTADO_DESCONOCIDO;0.0;;Domeño;0;ESTADO_DESCONOCIDO
165;39.289273495627704;-0.7622824758760846;Dos Aguas-Sierra Ave;7P11AA01MVCR;l/m<sup>2</sup>;1;ESTADO_DESCONOCIDO;0.0;;Dos Aguas;0;ESTADO_DESCONOCIDO
355;39.81831620897723;-2.3449222563385113;E.A 87 Marimota-Belmontejo;4R04DQG1MVVR;m³/s;7;ESTADO_DESCONOCIDO;0.537;;Belmontejo;0;ESTADO_DESCONOCIDO
352;39.66810840423414;-1.5570037210537377;E.A 92 Camporrobles;;;7;ESTADO_DESCONOCIDO;;;Mira;0;ESTADO_DESCONOCIDO
360;38.90222477683636;-2.117812614219519;E.A 138 Balazote;7R03DQG1MVVR;m³/s;1;ESTADO_DESCONOCIDO;0.16;;Balazote;0;ESTADO_DESCONOCIDO
506;39.74978186828158;-1.5730885569880226;E.A 141 Villora, río San Martín;4R02DQG1MVVR;m³/s;7;ESTADO_DESCONOCIDO;4.385;;Víllora;0;ESTADO_DESCONOCIDO
354;39.72034611945052;-1.7043784514890665;E.A. 140 Huércemes;4R03DQG1MVVR;m³/s;7;ESTADO_DESCONOCIDO;0.89;;Huércemes;0;ESTADO_DESCONOCIDO
356;39.73865035744847;-1.6348897674280491;E.A.139 Villora, río Cabriel;5R01DQG1MVVR;m³/s;7;ESTADO_DESCONOCIDO;13.427;;Víllora;0;ESTADO_DESCONOCIDO
93;39.44717966716008;-2.0970932534712747;El Picazo;4L02AA01MVCR;l/m<sup>2</sup>;1;ESTADO_DESCONOCIDO;0.0;;El Picazo;0;ESTADO_DESCONOCIDO
305;39.44717966716008;-2.0970932534712747;El Picazo;;;1;ESTADO_DESCONOCIDO;;;El Picazo;0;ESTADO_DESCONOCIDO
85;40.46983603775609;-0.9197611881172093;El Pobo;3N04BA01MVCR;l/m<sup>2</sup>;6;ESTADO_DESCONOCIDO;0.0;;El Pobo;0;ESTADO_DESCONOCIDO
528;39.60500641659373;-0.31455261571894755;El Puig ;0C01AA01MVCR;l/m<sup>2</sup>;5;ESTADO_DESCONOCIDO;0.0;;El Puig;0;ESTADO_DESCONOCIDO
522;39.9837901657649;-0.7479998427756932;El Toro;0P07AA01MVCR;l/m<sup>2</sup>;11;ESTADO_DESCONOCIDO;0.0;;El Toro;0;ESTADO_DESCONOCIDO
176;38.481946523312864;-0.7972751806140873;Elda;8O02AA01MVCR;l/m<sup>2</sup>;2;ESTADO_DESCONOCIDO;0.0;;Elda;0;ESTADO_DESCONOCIDO
91;39.564429036756714;-2.111872277747394;Embalse Alarcón;4E02AA01MVCR;l/m<sup>2</sup>;7;ESTADO_DESCONOCIDO;0.0;;Alarcón;0;ESTADO_DESCONOCIDO
304;39.564429036756714;-2.111872277747394;Embalse Alarcón;4E02DQG2MVVR;m³/s;7;ESTADO_DESCONOCIDO;18.599;;Alarcón;0;ESTADO_DESCONOCIDO
412;39.564429036756714;-2.111872277747394;Embalse Alarcón;4E02MI01MAMR;°C;7;ESTADO_DESCONOCIDO;9.003;;Alarcón;0;ESTADO_DESCONOCIDO
44;40.09805186737035;-0.21770130872374774;Embalse Alcora;1E02AA01MVCR;l/m<sup>2</sup>;0;ESTADO_DESCONOCIDO;0.0;;Alcora;0;ESTADO_DESCONOCIDO
400;39.78800299146909;-0.37666562693822553;Embalse Algar;0E04MI01MAMR;°C;11;ESTADO_DESCONOCIDO;13.939;;Algar de Palancia;0;ESTADO_DESCONOCIDO
463;39.78800299146909;-0.37666562693822553;Embalse Algar;0E04EVI1MVVR;Hm³;11;ESTADO_DESCONOCIDO;0.209;6.3;Algar de Palancia;0;ESTADO_DESCONOCIDO
66;40.087381305170105;-0.5583163556780842;Embalse Arenós;2E02AA01MVCR;l/m<sup>2</sup>;0;ESTADO_DESCONOCIDO;0.0;;Montanejos;0;ESTADO_DESCONOCIDO
294;40.087381305170105;-0.5583163556780842;Embalse Arenós;2E02DQG1MVVR;m³/s;0;ESTADO_DESCONOCIDO;0.967;;Montanejos;0;ESTADO_DESCONOCIDO
81;40.36390608068979;-1.2037935733151708;Embalse Arquillo de San Blas;3E01AA01MVCR;l/m<sup>2</sup>;6;ESTADO_DESCONOCIDO;0.0;;Teruel;0;ESTADO_DESCONOCIDO
118;39.72664884960761;-1.1000284129069342;Embalse Benagéber;6E01AA01MVCR;l/m<sup>2</sup>;6;ESTADO_DESCONOCIDO;0.0;;Benagéber;0;ESTADO_DESCONOCIDO
120;39.59590599758599;-0.9394878734426074;Embalse Buseo;6E03AA01MVCR;l/m<sup>2</sup>;5;ESTADO_DESCONOCIDO;0.0;;Chera;0;ESTADO_DESCONOCIDO
477;39.59590599758599;-0.9394878734426074;Embalse Buseo;;;5;ESTADO_DESCONOCIDO;;7.5;Chera;0;ESTADO_DESCONOCIDO
113;39.53854660657796;-1.4993798608825792;Embalse Contreras;5S01AA01MVCR;l/m<sup>2</sup>;7;ESTADO_DESCONOCIDO;0.0;;Villargordo del Cabriel;0;ESTADO_DESCONOCIDO
344;39.54292031455318;-1.502474167566448;Embalse Contreras;5E01DQG1MVVR;m³/s;7;ESTADO_DESCONOCIDO;1.82;;Villargordo del Cabriel;0;ESTADO_DESCONOCIDO
416;39.53854660657796;-1.4993798608825792;Embalse Contreras;5S01MI01MAMR;°C;7;ESTADO_DESCONOCIDO;11.75;;Villargordo del Cabriel;0;ESTADO_DESCONOCIDO
138;38.87283392361483;-1.1582094042504383;Embalse de Almansa;7E11AA01MVCR;l/m<sup>2</sup>;1;ESTADO_DESCONOCIDO;0.0;;Almansa;0;ESTADO_DESCONOCIDO
137;38.93974814177001;-0.4773599044303486;Embalse de Bellús;7E10AA01MVCR;l/m<sup>2</sup>;4;ESTADO_DESCONOCIDO;0.0;;Bellús;0;ESTADO_DESCONOCIDO
423;38.93974814177001;-0.4773599044303486;Embalse de Bellús;7E10MI01MAMR;°C;4;ESTADO_DESCONOCIDO;17.872;;Bellús;0;ESTADO_DESCONOCIDO
200;38.8152446827807;-0.3552431360367468;Embalse de Beniarrés;9S01AA01MVCR;l/m<sup>2</sup>;3;ESTADO_DESCONOCIDO;0.0;;Beniarrés;0;ESTADO_DESCONOCIDO
139;39.2615951644219;-0.9185803060507597;Embalse de Cortes II;7E12AA01MVCR;l/m<sup>2</sup>;1;ESTADO_DESCONOCIDO;0.0;;Cortes de Pallás;0;ESTADO_DESCONOCIDO
136;39.12820919463915;-0.6984618718411948;Embalse de Escalona;7E09AA01MVCR;l/m<sup>2</sup>;1;ESTADO_DESCONOCIDO;0.0;;Navarrés;0;ESTADO_DESCONOCIDO
422;39.12820919463915;-0.6984618718411948;Embalse de Escalona;7E09MI01MAMR;°C;1;ESTADO_DESCONOCIDO;15.301;;Navarrés;0;ESTADO_DESCONOCIDO
481;39.12820919463915;-0.6984618718411948;Embalse de Escalona;7E09EVI1MVVR;Hm³;1;ESTADO_DESCONOCIDO;4.601;98.7;Navarrés;0;ESTADO_DESCONOCIDO
173;38.67963856163353;-0.19221286390425982;Embalse de Guadalest;8E02AA01MVCR;l/m<sup>2</sup>;10;ESTADO_DESCONOCIDO;0.0;;Guadalest;0;ESTADO_DESCONOCIDO
201;39.235426336668226;-0.9198293546271129;Embalse de La Muela;7E13AA01MVCR;l/m<sup>2</sup>;1;ESTADO_DESCONOCIDO;0.0;;Cortes de Pallás;0;ESTADO_DESCONOCIDO
64;40.01070885744891;-0.235990695667018;Embalse de Sitjar;1S01AA01MVCR;l/m<sup>2</sup>;0;ESTADO_DESCONOCIDO;0.0;;Onda;0;ESTADO_DESCONOCIDO
131;39.27121050542435;-0.8600611308293172;Embalse del Naranjero;7E02AA01MVCR;l/m<sup>2</sup>;1;ESTADO_DESCONOCIDO;0.0;;Cortes de Pallás;0;ESTADO_DESCONOCIDO
132;39.340519137864625;-0.864839281178875;Embalse Forata;7E03AA01MVCR;l/m<sup>2</sup>;4;ESTADO_DESCONOCIDO;0.0;;Yátova;0;ESTADO_DESCONOCIDO
90;40.210403800832474;-1.9221064170223807;Embalse La Toba;4E01AA01MVCR;l/m<sup>2</sup>;7;ESTADO_DESCONOCIDO;0.0;;Uña;0;ESTADO_DESCONOCIDO
119;39.66375923248706;-0.9135184175218464;Embalse Loriguilla;6E02AA01MVCR;l/m<sup>2</sup>;5;ESTADO_DESCONOCIDO;0.0;;Loriguilla;0;ESTADO_DESCONOCIDO
312;39.66375923248706;-0.9135184175218464;Embalse Loriguilla;6E02DQG1MVVR;m³/s;5;ESTADO_DESCONOCIDO;7.952;;Loriguilla;0;ESTADO_DESCONOCIDO
293;40.1419479603841;-0.7320882154957312;Embalse Los Toranes;2E01DQG2MVVR;m³/s;0;ESTADO_DESCONOCIDO;1.624;;Sarrión;0;ESTADO_DESCONOCIDO
519;40.1419479603841;-0.7320882154957312;Embalse Los Toranes;2E01AA01MVCR;l/m<sup>2</sup>;0;ESTADO_DESCONOCIDO;0.0;;Sarrión;0;ESTADO_DESCONOCIDO
47;40.02831006361723;-0.16264413176125375;Embalse María Cristina;1E06AA01MVCR;l/m<sup>2</sup>;0;ESTADO_DESCONOCIDO;0.0;;Castelló;0;ESTADO_DESCONOCIDO
403;40.02831006361723;-0.16264413176125375;Embalse María Cristina;1E06MI01MAMR;°C;0;ESTADO_DESCONOCIDO;13.062;;Castelló;0;ESTADO_DESCONOCIDO
67;40.28049680415129;-0.7432576277317143;Embalse Mora de Rubielos;2E03AA01MVCR;l/m<sup>2</sup>;0;ESTADO_DESCONOCIDO;0.0;;Mora de Rubielos;0;ESTADO_DESCONOCIDO
406;40.28049680415129;-0.7432576277317143;Embalse Mora de Rubielos;2E03MI01MAMR;°C;0;ESTADO_DESCONOCIDO;7.321;;Mora de Rubielos;0;ESTADO_DESCONOCIDO
46;39.936632752473066;-0.3310813134745464;Embalse Onda;1E04AA01MVCR;l/m<sup>2</sup>;0;ESTADO_DESCONOCIDO;0.0;;Alcudia de Veo;0;ESTADO_DESCONOCIDO
20;39.88952086496172;-0.5242283952395271;Embalse Regajo;0E01AA01MVCR;l/m<sup>2</sup>;11;ESTADO_DESCONOCIDO;0.0;;Jérica;0;ESTADO_DESCONOCIDO
275;39.88952086496172;-0.5242283952395271;Embalse Regajo;0E01DQG1MVVR;m³/s;11;ESTADO_DESCONOCIDO;0.314;;Jérica;0;ESTADO_DESCONOCIDO
45;40.026820911275415;-0.32053658257999873;Embalse Ribesalbes;1E03BA01MVCR;l/m<sup>2</sup>;0;ESTADO_DESCONOCIDO;0.4;;Fanzara;0;ESTADO_DESCONOCIDO
286;40.026820911275415;-0.32053658257999873;Embalse Ribesalbes;1E03DQG3MVVR;m³/s;0;ESTADO_DESCONOCIDO;0.36;;Fanzara;0;ESTADO_DESCONOCIDO
133;39.129704903978265;-0.648394649636228;Embalse Tous;7E04AA01MVCR;l/m<sup>2</sup>;4;ESTADO_DESCONOCIDO;0.0;;Tous;0;ESTADO_DESCONOCIDO
320;39.129704903978265;-0.648394649636228;Embalse Tous;7E04DQG1MVMR;m³/s;4;ESTADO_DESCONOCIDO;2.85;;Tous;0;ESTADO_DESCONOCIDO
420;39.129704903978265;-0.648394649636228;Embalse Tous;7E04MI01MAMR;°C;4;ESTADO_DESCONOCIDO;17.417;;Tous;0;ESTADO_DESCONOCIDO
43;40.67073320343085;0.23314239924602406;Embalse Ulldecona;1E01AA01MVCR;l/m<sup>2</sup>;8;ESTADO_DESCONOCIDO;0.0;;La Pobla de Benifassà;0;ESTADO_DESCONOCIDO
284;40.67073320343085;0.23314239924602406;Embalse Ulldecona;1E01DQG2MVVR;m³/s;8;ESTADO_DESCONOCIDO;0.1;;La Pobla de Benifassà;0;ESTADO_DESCONOCIDO
161;38.95914547409935;-0.9223288863964962;Enguera;7P07AA01MVCR;l/m<sup>2</sup>;1;ESTADO_DESCONOCIDO;0.0;;Enguera;0;ESTADO_DESCONOCIDO
164;39.00110473410224;-0.7350582118238985;Enguera-Benalí;7P10AA01MVCR;l/m<sup>2</sup>;4;ESTADO_DESCONOCIDO;0.0;;Enguera;0;ESTADO_DESCONOCIDO
105;39.67068636909111;-1.6125501170331242;Enguídanos;5A03AA01MVCR;l/m<sup>2</sup>;7;ESTADO_DESCONOCIDO;0.0;;Enguídanos;0;ESTADO_DESCONOCIDO
146;39.01840587036066;-0.6189302132029888;Estubeny;7O03AA01MVCR;l/m<sup>2</sup>;4;ESTADO_DESCONOCIDO;0.0;;Estubeny;0;ESTADO_DESCONOCIDO
324;39.01840587036066;-0.6189302132029888;Estubeny;7O03DQG1MVVR;m³/s;4;ESTADO_DESCONOCIDO;0.117;;Estubeny;0;ESTADO_DESCONOCIDO
162;38.80300442299998;-0.8840387862766976;Font de la Figuera;7P08AA01MVCR;l/m<sup>2</sup>;4;ESTADO_DESCONOCIDO;0.0;;Font de la Figuera;0;ESTADO_DESCONOCIDO
72;40.32278565537415;-0.8933788768856257;Formiche Alto;2O01BA01MVCR;l/m<sup>2</sup>;0;ESTADO_DESCONOCIDO;0.0;;Formiche Alto;0;ESTADO_DESCONOCIDO
167;39.25738145380789;-1.512974812911491;Fuentealbilla-Cerro del Aguila;7P13AA01MVCR;l/m<sup>2</sup>;1;ESTADO_DESCONOCIDO;0.0;;Fuentealbilla;0;ESTADO_DESCONOCIDO
80;40.393944247016066;-1.2907842604060187;Gea de Albarracín;3A05BA01MVCR;l/m<sup>2</sup>;6;ESTADO_DESCONOCIDO;0.0;;Gea de Albarracín;0;ESTADO_DESCONOCIDO
299;40.393944247016066;-1.2907842604060187;Gea de Albarracín;3A05DQG1MVVR;m³/s;6;ESTADO_DESCONOCIDO;2.045;;Gea de Albarracín;0;ESTADO_DESCONOCIDO
112;39.515164048588545;-1.6749067329436775;Graja de Iniesta;5P02AA01MVCR;l/m<sup>2</sup>;1;ESTADO_DESCONOCIDO;0.0;;Graja de Iniesta;0;ESTADO_DESCONOCIDO
87;40.423333777042345;-1.7242253442940363;Griegos;3N06AA01MVCR;l/m<sup>2</sup>;6;ESTADO_DESCONOCIDO;0.0;;Griegos;0;ESTADO_DESCONOCIDO
411;40.423333777042345;-1.7242253442940363;Griegos;;;6;ESTADO_DESCONOCIDO;;;Griegos;0;ESTADO_DESCONOCIDO
130;39.20069546135586;-0.47109226631575907;Guadassuar;;;4;ESTADO_DESCONOCIDO;;;Guadassuar;0;ESTADO_DESCONOCIDO
82;40.441394554901834;-0.7155393299160029;Gúdar;3N01BA01MVCR;l/m<sup>2</sup>;6;ESTADO_DESCONOCIDO;0.0;;Gúdar;0;ESTADO_DESCONOCIDO
168;38.95839635945924;-1.4285718152090021;Higueruela;7P14AA01MVCR;l/m<sup>2</sup>;1;ESTADO_DESCONOCIDO;0.0;;Higueruela;0;ESTADO_DESCONOCIDO
126;39.195049033918956;-0.4093183042610765;Huerto Mulet;7A02AA01MVCR;l/m<sup>2</sup>;4;ESTADO_DESCONOCIDO;0.0;;Algemesí;0;ESTADO_DESCONOCIDO
314;39.195049033918956;-0.4093183042610765;Huerto Mulet;;;4;ESTADO_DESCONOCIDO;;;Algemesí;0;ESTADO_DESCONOCIDO
180;38.630953655177834;-0.5695041753015354;Ibi;8P03AA01MVCR;l/m<sup>2</sup>;2;ESTADO_DESCONOCIDO;0.0;;Ibi;0;ESTADO_DESCONOCIDO
185;38.55634357228202;-0.060998483545017156;L'Alfás del Pi;8P08AA01MVCR;l/m<sup>2</sup>;10;ESTADO_DESCONOCIDO;0.0;;l'Alfás del Pi;0;ESTADO_DESCONOCIDO
98;40.05696250933687;-1.8504991668464938;La Cierva;4N05BA01MVCR;l/m<sup>2</sup>;7;ESTADO_DESCONOCIDO;0.0;;La Cierva;0;ESTADO_DESCONOCIDO
405;40.69434192116817;0.16751022969855514;La Pobla de Benifassà;1N04MI01MAMR;°C;8;ESTADO_DESCONOCIDO;10.479;;La Pobla de Benifassà;0;ESTADO_DESCONOCIDO
510;40.69434192116817;0.16751022969855514;La Pobla de Benifassà;1N04BA01MVCR;l/m<sup>2</sup>;8;ESTADO_DESCONOCIDO;0.0;;La Pobla de Benifassà;0;ESTADO_DESCONOCIDO
22;39.519890387690026;-0.5068384082408435;La Presa (Manises);0E03AA01MVCR;l/m<sup>2</sup>;5;ESTADO_DESCONOCIDO;0.0;;Manises;0;ESTADO_DESCONOCIDO
277;39.519890387690026;-0.5068384082408435;La Presa (Manises);;;5;ESTADO_DESCONOCIDO;;;Manises;0;ESTADO_DESCONOCIDO
157;39.21146915459947;-2.152650919827485;La Roda;7P03AA01MVCR;l/m<sup>2</sup>;1;ESTADO_DESCONOCIDO;0.0;;La Roda;0;ESTADO_DESCONOCIDO
511;40.61198394021165;0.33000485380952577;La Senia;1P01AA01MVCR;l/m<sup>2</sup>;8;ESTADO_DESCONOCIDO;0.0;;La Senia;0;ESTADO_DESCONOCIDO
107;40.177321771359814;-1.672445423150741;Laguna del Marquesado;5N01BA01MVCR;l/m<sup>2</sup>;7;ESTADO_DESCONOCIDO;0.0;;Laguna del Marquesado;0;ESTADO_DESCONOCIDO
415;40.177321771359814;-1.672445423150741;Laguna del Marquesado;5N01MI01MAMR;°C;7;ESTADO_DESCONOCIDO;5.62;;Laguna del Marquesado;0;ESTADO_DESCONOCIDO
111;39.91093796044023;-1.3716347851402506;Landete;5P01AA01MVCR;l/m<sup>2</sup>;7;ESTADO_DESCONOCIDO;0.0;;Landete;0;ESTADO_DESCONOCIDO
140;38.83876997925521;-1.9624277406515038;Los Anguijes;7L01AA01MVCR;l/m<sup>2</sup>;1;ESTADO_DESCONOCIDO;0.0;;Los Anguijes;0;ESTADO_DESCONOCIDO
424;38.83876997925521;-1.9624277406515038;Los Anguijes;7L01MI01MAMR;°C;1;ESTADO_DESCONOCIDO;12.017;;Los Anguijes;0;ESTADO_DESCONOCIDO
129;39.1376086554228;-1.7494136828953202;Los Frailes;7A05AA01MVCR;l/m<sup>2</sup>;1;ESTADO_DESCONOCIDO;0.0;;Valdeganga;0;ESTADO_DESCONOCIDO
317;39.1376086554228;-1.7494136828953202;Los Frailes;7A05DQG1MVVR;m³/s;1;ESTADO_DESCONOCIDO;3.475;;Valdeganga;0;ESTADO_DESCONOCIDO
367;40.108084433727555;-1.2886470138817243;Los Santos;3R01DQG1MVVR;m³/s;6;ESTADO_DESCONOCIDO;2.441;;Castielfabib;0;ESTADO_DESCONOCIDO
63;40.13915701680653;-0.2922295191444528;Lucena del Cid;1P08AA01MVCR;l/m<sup>2</sup>;0;ESTADO_DESCONOCIDO;0.0;;Lucena del Cid;0;ESTADO_DESCONOCIDO
347;39.34395007755691;-0.8253536517427339;Macastre;;;4;ESTADO_DESCONOCIDO;;;Valencia;0;ESTADO_DESCONOCIDO
147;39.041703219285736;-0.4946463225318014;Manuel;7O04AA01MVCR;l/m<sup>2</sup>;4;ESTADO_DESCONOCIDO;0.0;;Manuel;0;ESTADO_DESCONOCIDO
325;39.041703219285736;-0.4946463225318014;Manuel;7O04DQG1MVVR;m³/s;4;ESTADO_DESCONOCIDO;0.747;;Manuel;0;ESTADO_DESCONOCIDO
18;39.703324423026416;-0.5690106916050293;Marines;0A02AA01MVCR;l/m<sup>2</sup>;5;ESTADO_DESCONOCIDO;0.0;;Marines;0;ESTADO_DESCONOCIDO
199;38.73122625599701;-0.36744511817409103;Millena;9P06AA01MVCR;l/m<sup>2</sup>;3;ESTADO_DESCONOCIDO;0.0;;Millena;0;ESTADO_DESCONOCIDO
145;38.87129611389446;-0.7591948871338426;Moixent;7O01AA01MVCR;l/m<sup>2</sup>;4;ESTADO_DESCONOCIDO;0.0;;Moixent;0;ESTADO_DESCONOCIDO
323;38.87129611389446;-0.7591948871338426;Moixent;;;4;ESTADO_DESCONOCIDO;;;Moixent;0;ESTADO_DESCONOCIDO
106;40.222161559455074;-1.8473940432473372;Molino Juan Romero;5A04BA01MVCR;l/m<sup>2</sup>;7;ESTADO_DESCONOCIDO;0.0;;Beamud;0;ESTADO_DESCONOCIDO
308;40.222161559455074;-1.8473940432473372;Molino Juan Romero;5A04DQG1MVVR;m³/s;7;ESTADO_DESCONOCIDO;2.397;;Beamud;0;ESTADO_DESCONOCIDO
127;38.891318901880794;-0.4960794793209235;Montaverner;7A03AA02MVCR;l/m<sup>2</sup>;4;ESTADO_DESCONOCIDO;0.0;;Montaverner;0;ESTADO_DESCONOCIDO
315;38.891318901880794;-0.4960794793209235;Montaverner;7A03DQG2MVVR;m³/s;4;ESTADO_DESCONOCIDO;0.218;;Montaverner;0;ESTADO_DESCONOCIDO
128;38.72513248539877;-2.2243478769708322;Montemayor;;;1;ESTADO_DESCONOCIDO;;;Casas de Lazaro;0;ESTADO_DESCONOCIDO
316;38.72513248539877;-2.2243478769708322;Montemayor;7A04DQG1MVVR;m³/s;1;ESTADO_DESCONOCIDO;0.262;;Casas de Lazaro;0;ESTADO_DESCONOCIDO
512;40.58409397361621;0.000943919053384321;Morella;;;8;ESTADO_DESCONOCIDO;;;Morella;0;ESTADO_DESCONOCIDO
404;40.36044764115717;-0.44118538459345075;Mosqueruela;1N01MI01MAMR;°C;0;ESTADO_DESCONOCIDO;7.262;;Mosqueruela;0;ESTADO_DESCONOCIDO
542;40.36044764115717;-0.44118538459345075;Mosqueruela;1N01BA01MVCR;l/m<sup>2</sup>;0;ESTADO_DESCONOCIDO;0.0;;Mosqueruela;0;ESTADO_DESCONOCIDO
195;38.74814813705102;-0.039449961281528216;Murla;9P02AA01MVCR;l/m<sup>2</sup>;9;ESTADO_DESCONOCIDO;0.0;;Murla;0;ESTADO_DESCONOCIDO
193;38.78147795965412;-0.41364217841800327;Muro de Alcoi;9O04AA01MVCR;l/m<sup>2</sup>;3;ESTADO_DESCONOCIDO;0.0;;Muro de Alcoi;0;ESTADO_DESCONOCIDO
177;38.437442901017505;-0.4563446637817109;Mutxamel;8O03AA01MVCR;l/m<sup>2</sup>;2;ESTADO_DESCONOCIDO;0.0;;Mutxamel;0;ESTADO_DESCONOCIDO
68;40.23439113477928;-0.6358439040443135;Nogueruelas;2N01BA01MVCR;l/m<sup>2</sup>;0;ESTADO_DESCONOCIDO;0.0;;Nogueruelas;0;ESTADO_DESCONOCIDO
163;38.80475498989337;-0.6096537539229582;Ontinyent;7P09AA01MVCR;l/m<sup>2</sup>;4;ESTADO_DESCONOCIDO;0.0;;Ontinyent;0;ESTADO_DESCONOCIDO
103;39.94024256103909;-1.7114978937161873;Pajaroncillo;;;7;ESTADO_DESCONOCIDO;;;Pajaroncillo;0;ESTADO_DESCONOCIDO
306;39.94024256103909;-1.7114978937161873;Pajaroncillo;;;7;ESTADO_DESCONOCIDO;;;Pajaroncillo;0;ESTADO_DESCONOCIDO
184;38.44812588456047;-0.7501464884717168;Petrer;8P07AA01MVCR;l/m<sup>2</sup>;2;ESTADO_DESCONOCIDO;0.0;;Petrer;0;ESTADO_DESCONOCIDO
534;39.3925236102221;-0.48010442149012483;Picassent;0L02AA01MVCR;l/m<sup>2</sup>;4;ESTADO_DESCONOCIDO;0.0;;Picassent;0;ESTADO_DESCONOCIDO
75;40.02855126090119;-0.6282542620296161;Pina de Montalgrao;2P03AA01MVCR;l/m<sup>2</sup>;0;ESTADO_DESCONOCIDO;0.0;;Pina de Montalgrao;0;ESTADO_DESCONOCIDO
196;38.984141401093986;-0.3349544958039706;Pinet;9P03AA01MVCR;l/m<sup>2</sup>;3;ESTADO_DESCONOCIDO;0.0;;Pinet;0;ESTADO_DESCONOCIDO
532;39.6840935665695;-0.48003640294223465;Portacoeli;0P02AA01MVCR;l/m<sup>2</sup>;5;ESTADO_DESCONOCIDO;0.0;;Serra;0;ESTADO_DESCONOCIDO
70;40.26699697960151;-0.4581776659686639;Puertomingalvo;2N03BA01MVCR;l/m<sup>2</sup>;0;ESTADO_DESCONOCIDO;0.0;;Puertomingalvo;0;ESTADO_DESCONOCIDO
100;39.35322138785644;-1.9323376134893038;Quintanar del Rey;4O01AA01MVCR;l/m<sup>2</sup>;1;ESTADO_DESCONOCIDO;0.0;;Quintanar del Rey;0;ESTADO_DESCONOCIDO
29;39.62821228752883;-0.6639702546709358;Rambla Castellana;0O02AA01MVCR;l/m<sup>2</sup>;5;ESTADO_DESCONOCIDO;0.0;;Pedralba;0;ESTADO_DESCONOCIDO
281;39.62821228752883;-0.6639702546709358;Rambla Castellana;0O02DQG0MVVR;m³/s;5;ESTADO_DESCONOCIDO;11.55;;Pedralba;0;ESTADO_DESCONOCIDO
31;39.47470370961244;-0.5819318126446349;Rambla del Poyo;0O04AA01MVCR;l/m<sup>2</sup>;4;ESTADO_DESCONOCIDO;0.0;;Riba-roja;0;ESTADO_DESCONOCIDO
283;39.47470370961244;-0.5819318126446349;Rambla del Poyo;0O04DQG0MVVR;m³/s;4;ESTADO_DESCONOCIDO;0.0;;Riba-roja;0;ESTADO_DESCONOCIDO
152;39.32420412295004;-0.5900623544459155;Real de Montroy;7O09AA01MVCR;l/m<sup>2</sup>;4;ESTADO_DESCONOCIDO;0.0;;Real de Montroy;0;ESTADO_DESCONOCIDO
124;39.776408727718625;-0.99106688531805;Remedio de Chelva;6P02AA01MVCR;l/m<sup>2</sup>;6;ESTADO_DESCONOCIDO;0.2;;Chelva;0;ESTADO_DESCONOCIDO
27;39.58875631321654;-1.126403327782367;Remedio de Utiel;0N01BA01MVCR;l/m<sup>2</sup>;1;ESTADO_DESCONOCIDO;0.0;;Utiel;0;ESTADO_DESCONOCIDO
533;39.48409174443125;-0.4390258347577107;Repartiment;0E02AA01MVCR;l/m<sup>2</sup>;5;ESTADO_DESCONOCIDO;0.0;;Quart de Poblet;0;ESTADO_DESCONOCIDO
104;39.476863555009295;-1.1178890795514906;Requena;;;1;ESTADO_DESCONOCIDO;;;Requena;0;ESTADO_DESCONOCIDO
307;39.476863555009295;-1.1178890795514906;Requena;;;1;ESTADO_DESCONOCIDO;;;Requena;0;ESTADO_DESCONOCIDO
135;39.20170087109767;-0.3360109936401626;Riola-Sueca;7E07AA01MVCR;l/m<sup>2</sup>;4;ESTADO_DESCONOCIDO;0.0;;Riola;0;ESTADO_DESCONOCIDO
192;38.93553111677101;-0.2470896377816048;Rótova, río Vernissa;9O03AA01MVCR;l/m<sup>2</sup>;3;ESTADO_DESCONOCIDO;0.0;;Rótova;0;ESTADO_DESCONOCIDO
341;38.93553111677101;-0.2470896377816048;Rótova, río Vernissa;9O03DQG4MVVR;m³/s;3;ESTADO_DESCONOCIDO;0.0;;Rótova;0;ESTADO_DESCONOCIDO
348;39.99829274102012;-0.2309517845706203;Salto del Colmenar;1E09DQG1MVVR;m³/s;0;ESTADO_DESCONOCIDO;1.655;;Onda;0;ESTADO_DESCONOCIDO
109;40.10298158560136;-1.5056982784664084;Salvacañete;5N03BA01MVCR;l/m<sup>2</sup>;7;ESTADO_DESCONOCIDO;0.0;;Salvacañete;0;ESTADO_DESCONOCIDO
89;39.85215660536543;-2.2881968668461194;San Lorenzo de la Parrilla;4A02AA01MVCR;l/m<sup>2</sup>;7;ESTADO_DESCONOCIDO;0.0;;San Lorenzo de la Parrilla;0;ESTADO_DESCONOCIDO
302;39.85215660536543;-2.2881968668461194;San Lorenzo de la Parrilla;4A02DQG1MVVR;m³/s;7;ESTADO_DESCONOCIDO;13.638;;San Lorenzo de la Parrilla;0;ESTADO_DESCONOCIDO
48;39.95337240849819;-0.09608143411131241;Santa Quiteria;1E07AA01MVCR;l/m<sup>2</sup>;0;ESTADO_DESCONOCIDO;0.0;;Vila-Real;0;ESTADO_DESCONOCIDO
289;39.95337240849819;-0.09608143411131241;Santa Quiteria;1E07DQG4MVVR;m³/s;0;ESTADO_DESCONOCIDO;2.091;;Vila-Real;0;ESTADO_DESCONOCIDO
53;40.30021337589807;0.031067809157115444;Sarratella;1N05BA01MVCR;l/m<sup>2</sup>;8;ESTADO_DESCONOCIDO;0.0;;Sarratella;0;ESTADO_DESCONOCIDO
186;38.58032250429346;-0.8150139528666508;Sax;8P10AA01MVCR;l/m<sup>2</sup>;2;ESTADO_DESCONOCIDO;0.0;;Sax;0;ESTADO_DESCONOCIDO
536;39.691029264868114;-0.40037599274945884;Serra;0P08AA01MVCR;l/m<sup>2</sup>;5;ESTADO_DESCONOCIDO;0.0;;Serra;0;ESTADO_DESCONOCIDO
425;39.48570105730464;-0.9091093110658892;Siete Aguas;7P12MI01MAMR;°C;4;ESTADO_DESCONOCIDO;12.749;;Siete Aguas;0;ESTADO_DESCONOCIDO
535;39.48570105730464;-0.9091093110658892;Siete Aguas;7P12AA01MVCR;l/m<sup>2</sup>;4;ESTADO_DESCONOCIDO;0.0;;Siete Aguas;0;ESTADO_DESCONOCIDO
154;39.043646672564684;-0.3439825596750656;Simat de la Valldigna;;;4;ESTADO_DESCONOCIDO;;;Simat de la Valldigna;0;ESTADO_DESCONOCIDO
524;39.806981753776924;-0.4150951160550844;Sot de Ferrer;0L01AA01MVCR;l/m<sup>2</sup>;11;ESTADO_DESCONOCIDO;0.0;;Sot de Ferrer;0;ESTADO_DESCONOCIDO
144;39.089835728090044;-0.915237495239719;Teresa de Cofrentes-Caroig;7N02BA01MVCR;l/m<sup>2</sup>;1;ESTADO_DESCONOCIDO;0.0;;Teresa de Cofrentes;0;ESTADO_DESCONOCIDO
78;40.344230274610894;-1.1110231720102608;Teruel;3A03AA01MVCR;l/m<sup>2</sup>;6;ESTADO_DESCONOCIDO;0.2;;Teruel;0;ESTADO_DESCONOCIDO
500;40.344230274610894;-1.1110231720102608;Teruel;3A03DQG1MVVR;m³/s;6;ESTADO_DESCONOCIDO;4.666;;Teruel;0;ESTADO_DESCONOCIDO
175;38.49736831673478;-0.5573443840804562;Tibi;;;2;ESTADO_DESCONOCIDO;;;Tibi;0;ESTADO_DESCONOCIDO
170;38.90113010258942;-2.2670301070930208;Tiriez;7P16AA01MVCR;l/m<sup>2</sup>;1;ESTADO_DESCONOCIDO;0.0;;Tiriez;0;ESTADO_DESCONOCIDO
329;38.90113010258942;-2.2670301070930208;Tiriez;7P16DQG1MVVR;m³/s;1;ESTADO_DESCONOCIDO;0.046;;Tiriez;0;ESTADO_DESCONOCIDO
178;38.60926794373996;-0.4182569028082353;Torre de les Maçanes;8P01AA01MVCR;l/m<sup>2</sup>;2;ESTADO_DESCONOCIDO;0.0;;Torre de les Maçanes;0;ESTADO_DESCONOCIDO
79;40.11578610559512;-1.2583911701675505;Torrealta;3A04AA01MVCR;l/m<sup>2</sup>;6;ESTADO_DESCONOCIDO;0.0;;Torrebaja;0;ESTADO_DESCONOCIDO
298;40.11578610559512;-1.2583911701675505;Torrealta;3A04DQG1MVVR;m³/s;6;ESTADO_DESCONOCIDO;5.384;;Torrebaja;0;ESTADO_DESCONOCIDO
69;40.05599884991373;-0.9890428501319714;Torrijas;2N02BA01MVCR;l/m<sup>2</sup>;0;ESTADO_DESCONOCIDO;0.0;;Torrijas;0;ESTADO_DESCONOCIDO
407;40.05599884991373;-0.9890428501319714;Torrijas;2N02MI01MAMR;°C;0;ESTADO_DESCONOCIDO;6.525;;Torrijas;0;ESTADO_DESCONOCIDO
99;40.35348384364552;-1.8292748810574018;Tragacete;;;7;ESTADO_DESCONOCIDO;;;Tragacete;0;ESTADO_DESCONOCIDO
413;40.35348384364552;-1.8292748810574018;Tragacete;;;7;ESTADO_DESCONOCIDO;;;Tragacete;0;ESTADO_DESCONOCIDO
202;40.55992337544874;0.3338664216591801;Traiguera;1O03AA01MVCR;l/m<sup>2</sup>;8;ESTADO_DESCONOCIDO;0.0;;Traiguera;0;ESTADO_DESCONOCIDO
77;40.41744669305117;-1.5772741090628828;Tramacastilla;;;6;ESTADO_DESCONOCIDO;;;Tramacastilla;0;ESTADO_DESCONOCIDO
296;40.41744669305117;-1.5772741090628828;Tramacastilla;3A02DQG1MVVR;m³/s;6;ESTADO_DESCONOCIDO;0.775;;Tramacastilla;0;ESTADO_DESCONOCIDO
409;40.41744669305117;-1.5772741090628828;Tramacastilla;;;6;ESTADO_DESCONOCIDO;;;Tramacastilla;0;ESTADO_DESCONOCIDO
566;39.15224524468218;-0.5889156868071037;Tunel de la Escala;;;4;ESTADO_DESCONOCIDO;;;Alzira;0;ESTADO_DESCONOCIDO
74;40.25337875285349;-0.818182987048437;Valbona;2P02AA01MVCR;l/m<sup>2</sup>;0;ESTADO_DESCONOCIDO;0.0;;Valbona;0;ESTADO_DESCONOCIDO
84;40.29856320070874;-1.4115655164646173;Valdecuenca;3N03BA01MVCR;l/m<sup>2</sup>;6;ESTADO_DESCONOCIDO;0.0;;Valdecuenca;0;ESTADO_DESCONOCIDO
71;40.381668533564834;-0.6374243976889497;Valdelinares;2N04BA02MVCR;l/m<sup>2</sup>;0;ESTADO_DESCONOCIDO;0.0;;Valdelinares;0;ESTADO_DESCONOCIDO
544;40.381668533564834;-0.6374243976889497;Valdelinares;;;0;ESTADO_DESCONOCIDO;;;Valdelinares;0;ESTADO_DESCONOCIDO
509;39.47633772307672;-0.35786933907635554;Valencia;0S01AA01MVCR;l/m<sup>2</sup>;5;ESTADO_DESCONOCIDO;0.0;;Valencia;0;ESTADO_DESCONOCIDO
54;40.197538990983276;-0.07950269123167185;Vall d'Alba;1O01AA01MVCR;l/m<sup>2</sup>;0;ESTADO_DESCONOCIDO;0.0;;Vall d'Alba;0;ESTADO_DESCONOCIDO
290;40.197538990983276;-0.07950269123167185;Vall d'Alba;1O01DQG1MVVR;m³/s;0;ESTADO_DESCONOCIDO;9.062;;Vall d'Alba;0;ESTADO_DESCONOCIDO
198;38.81902575866454;-0.08718600824253048;Vall de Gallinera;9P05AA01MVCR;l/m<sup>2</sup>;9;ESTADO_DESCONOCIDO;0.0;;Vall de Gallinera;0;ESTADO_DESCONOCIDO
190;38.782234272035886;-0.1053737875663363;Vall de Laguart- Isbert;9O01AA01MVCR;l/m<sup>2</sup>;9;ESTADO_DESCONOCIDO;0.0;;Vall de Laguart;0;ESTADO_DESCONOCIDO
169;38.85895154033208;-0.6712304254049621;Vallada-Serra Grossa;;;4;ESTADO_DESCONOCIDO;;;Vallada;0;ESTADO_DESCONOCIDO
520;40.091037341351786;-0.06008137237437495;Vilafamés;1P07AA01MVCR;l/m<sup>2</sup>;0;ESTADO_DESCONOCIDO;0.0;;Vilafamés;0;ESTADO_DESCONOCIDO
30;39.59322700977059;-0.6424384697044393;Vilamarxant;0O03AA01MVCR;l/m<sup>2</sup>;5;ESTADO_DESCONOCIDO;0.0;;Vilamarxant;0;ESTADO_DESCONOCIDO
282;39.59322700977059;-0.6424384697044393;Vilamarxant;0O03DQG0MVVR;m³/s;5;ESTADO_DESCONOCIDO;24.589;;Vilamarxant;0;ESTADO_DESCONOCIDO
76;40.614192239809846;-0.976151381565944;Villalba Alta;3A01AA01MVCR;l/m<sup>2</sup>;6;ESTADO_DESCONOCIDO;0.0;;Perales de Alfambra;0;ESTADO_DESCONOCIDO
295;40.614192239809846;-0.976151381565944;Villalba Alta;3A01DQG1MVVR;m³/s;6;ESTADO_DESCONOCIDO;1.215;;Perales de Alfambra;0;ESTADO_DESCONOCIDO
156;39.36364555223265;-1.6036972634258848;Villamalea;7P02AA01MVCR;l/m<sup>2</sup>;1;ESTADO_DESCONOCIDO;0.0;;Villamalea;0;ESTADO_DESCONOCIDO
149;39.06568941523292;-0.5170966182609701;Villanueva  de Castellón;7O06AA01MVCR;l/m<sup>2</sup>;4;ESTADO_DESCONOCIDO;0.0;;Villanueva de Castellon;0;ESTADO_DESCONOCIDO
110;39.340120502907396;-1.343427027639085;Villatoya;5O01AA01MVCR;l/m<sup>2</sup>;1;ESTADO_DESCONOCIDO;0.0;;Villatoya;0;ESTADO_DESCONOCIDO
513;40.51633619004202;0.1601800396655157;Xert;1P03AA01MVCR;l/m<sup>2</sup>;8;ESTADO_DESCONOCIDO;0.0;;Xert;0;ESTADO_DESCONOCIDO
114;39.842368726803116;-1.144932764903764;Zagra;6A01AA01MVCR;l/m<sup>2</sup>;6;ESTADO_DESCONOCIDO;0.0;;Tuéjar;0;ESTADO_DESCONOCIDO
309;39.842368726803116;-1.144932764903764;Zagra;6A01DQG1MVVR;m³/s;6;ESTADO_DESCONOCIDO;9.247;;Tuéjar;0;ESTADO_DESCONOCIDO
94;40.26173029945068;-2.1358613392117367;Zarzuela;4N01BA01MVCR;l/m<sup>2</sup>;7;ESTADO_DESCONOCIDO;0.0;;Zarzuela;0;ESTADO_DESCONOCIDO
